Workbook

Sheet Daily_Tracker
A1: ADVANCED HABIT TRACKER — DAILY LOG
A2: Date | B2: Wake Up | C2: Workout | D2: Study | E2: Diet | F2: Water | G2: Meditation | H2: Total Score | I2: Status
A3: =DATE(2026,4,1) -> 46113 | B3: Yes | C3: Yes | D3: Yes | E3: Yes | F3: Yes | G3: Yes | H3: =COUNTIF(B3:G3,"Yes") -> 6 | I3: =IF(H3>=5,"✅ Perfect","⚠ Improve") -> ✅ Perfect
A4: =A3+1 -> 46114 | B4: Yes | C4: Yes | D4: Yes | E4: Yes | F4: Yes | G4: Yes | H4: =COUNTIF(B4:G4,"Yes") -> 6 | I4: =IF(H4>=5,"✅ Perfect","⚠ Improve") -> ✅ Perfect
A5: =A4+1 -> 46115 | B5: Yes | C5: Yes | D5: Yes | E5: Yes | F5: Yes | G5: Yes | H5: =COUNTIF(B5:G5,"Yes") -> 6 | I5: =IF(H5>=5,"✅ Perfect","⚠ Improve") -> ✅ Perfect
A6: =A5+1 -> 46116 | B6: Yes | C6: Yes | D6: Yes | E6: Yes | F6: Yes | G6: Yes | H6: =COUNTIF(B6:G6,"Yes") -> 6 | I6: =IF(H6>=5,"✅ Perfect","⚠ Improve") -> ✅ Perfect
A7: =A6+1 -> 46117 | B7: Yes | C7: No | D7: No | E7: Yes | F7: No | G7: No | H7: =COUNTIF(B7:G7,"Yes") -> 2 | I7: =IF(H7>=5,"✅ Perfect","⚠ Improve") -> ⚠ Improve
A8: =A7+1 -> 46118 | B8: Yes | C8: Yes | D8: Yes | E8: Yes | F8: Yes | G8: No | H8: =COUNTIF(B8:G8,"Yes") -> 5 | I8: =IF(H8>=5,"✅ Perfect","⚠ Improve") -> ✅ Perfect
A9: =A8+1 -> 46119 | B9: No | C9: No | D9: Yes | E9: Yes | F9: Yes | G9: No | H9: =COUNTIF(B9:G9,"Yes") -> 3 | I9: =IF(H9>=5,"✅ Perfect","⚠ Improve") -> ⚠ Improve
A10: =A9+1 -> 46120 | B10: Yes | C10: Yes | D10: Yes | E10: Yes | F10: Yes | G10: Yes | H10: =COUNTIF(B10:G10,"Yes") -> 6 | I10: =IF(H10>=5,"✅ Perfect","⚠ Improve") -> ✅ Perfect
A11: =A10+1 -> 46121 | B11: Yes | C11: Yes | D11: Yes | E11: Yes | F11: Yes | G11: Yes | H11: =COUNTIF(B11:G11,"Yes") -> 6 | I11: =IF(H11>=5,"✅ Perfect","⚠ Improve") -> ✅ Perfect
A12: =A11+1 -> 46122 | B12: Yes | C12: Yes | D12: Yes | E12: Yes | F12: Yes | G12: Yes | H12: =COUNTIF(B12:G12,"Yes") -> 6 | I12: =IF(H12>=5,"✅ Perfect","⚠ Improve") -> ✅ Perfect
A13: =A12+1 -> 46123 | B13: Yes | C13: Yes | D13: Yes | E13: Yes | F13: Yes | G13: Yes | H13: =COUNTIF(B13:G13,"Yes") -> 6 | I13: =IF(H13>=5,"✅ Perfect","⚠ Improve") -> ✅ Perfect
A14: =A13+1 -> 46124 | B14: Yes | C14: Yes | D14: Yes | E14: Yes | F14: Yes | G14: Yes | H14: =COUNTIF(B14:G14,"Yes") -> 6 | I14: =IF(H14>=5,"✅ Perfect","⚠ Improve") -> ✅ Perfect
A15: =A14+1 -> 46125 | B15: Yes | C15: Yes | D15: Yes | E15: Yes | F15: Yes | G15: Yes | H15: =COUNTIF(B15:G15,"Yes") -> 6 | I15: =IF(H15>=5,"✅ Perfect","⚠ Improve") -> ✅ Perfect
... A32: =A31+1 -> 46142 | B32: Yes | C32: Yes | D32: Yes | E32: Yes | F32: Yes | G32: Yes | H32: =COUNTIF(B32:G32,"Yes") -> 6 | I32: =IF(H32>=5,"✅ Perfect","⚠ Improve") -> ✅ Perfect

Sheet Weekly_Summary
A1: WEEKLY PERFORMANCE SUMMARY
A2: Week | B2: Date Range | C2: Total Score | D2: % Achievement
A3: Week 1 | B3: 01 Apr – 07 Apr | C3: =SUM(Daily_Tracker!H3:H9) -> 34 | D3: =C3/(7*6)*100 -> 80.952381
A4: Week 2 | B4: 08 Apr – 14 Apr | C4: =SUM(Daily_Tracker!H10:H16) -> 40 | D4: =C4/(7*6)*100 -> 95.238095
A5: Week 3 | B5: 15 Apr – 21 Apr | C5: =SUM(Daily_Tracker!H17:H23) -> 38 | D5: =C5/(7*6)*100 -> 90.47619
A6: Week 4 | B6: 22 Apr – 28 Apr | C6: =SUM(Daily_Tracker!H24:H30) -> 36 | D6: =C6/(7*6)*100 -> 85.714286

Sheet Dashboard
B2: HABIT TRACKER ANALYTICS SYSTEM
B3: CORE PERFORMANCE ANALYTICS
B4: 🎯 Total Score | D4: =SUM(Daily_Tracker!H3:H32) -> 160 | H4: WEAK HABIT DETECTION
B5: 📈 Average Daily Score | D5: =IFERROR(AVERAGE(Daily_Tracker!H3:H32),0) -> 5.3333333 | H5: ⏰ Wake Up Missed | J5: =COUNTIF(Daily_Tracker!B3:B32,"No") -> 4
B6: 🏅 Best Day Score | D6: =IFERROR(MAX(Daily_Tracker!H3:H32),0) -> 6 | H6: 💪 Workout Missed | J6: =COUNTIF(Daily_Tracker!C3:C32,"No") -> 5
B7: 📅 Days Tracked | D7: =COUNTIF(Daily_Tracker!H3:H32,">0") -> 30 | H7: 📚 Study Missed | J7: =COUNTIF(Daily_Tracker!D3:D32,"No") -> 1
B8: 💡 Perfect Days | D8: =COUNTIF(Daily_Tracker!H3:H32,">=5") -> 24 | H8: 🥗 Diet Missed | J8: =COUNTIF(Daily_Tracker!E3:E32,"No") -> 0
B9: CONSISTENCY ANALYSIS | H9: 💧 Water Missed | J9: =COUNTIF(Daily_Tracker!F3:F32,"No") -> 3
B10: ✅ Consistency % | D10: =IFERROR((SUM(Daily_Tracker!H3:H32)/(30*6))*100,0) -> 88.888889 | H10: 🧘 Meditation Missed | J10: =COUNTIF(Daily_Tracker!G3:G32,"No") -> 7
B11: =IF(D10<50,"⚠️ IMPROVE YOUR DISCIPLINE — Consistency Below 50%",IF(D10<80,"📌 MODERATE — Keep Pushing for 80%+","🔥 GREAT CONSISTENCY — You Are On Fire!")) -> 🔥 GREAT CONSISTENCY — You Are On Fire! | H11: 🔴 Weakest Habit (Max Misses) | J11: =INDEX({"Wake Up","Workout","Study","Diet","Water","Meditation"},MATCH(MAX(J5:J10),J5:J10,0)) -> Meditation
B14: SEARCH BY DATE
B15: Enter Date to Search: | D15: 46113
B16: Date | C16: W.Up | D16: Wrkout | E16: Study | F16: Diet
B17: =IFERROR(INDEX(Daily_Tracker!A3:A32,MATCH(D15,Daily_Tracker!A3:A32,0)),"Not Found") -> 46113 | C17: =IFERROR(INDEX(Daily_Tracker!B3:B32,MATCH(D15,Daily_Tracker!A3:A32,0)),"—") -> Yes | D17: =IFERROR(INDEX(Daily_Tracker!C3:C32,MATCH(D15,Daily_Tracker!A3:A32,0)),"—") -> Yes | E17: =IFERROR(INDEX(Daily_Tracker!H3:H32,MATCH(D15,Daily_Tracker!A3:A32,0)),"—") -> 6 | F17: =IFERROR(INDEX(Daily_Tracker!I3:I32,MATCH(D15,Daily_Tracker!A3:A32,0)),"—") -> ✅ Perfect
B19: HABIT-WISE CONSISTENCY %
B20: ⏰ Wake Up % | D20: =IFERROR(COUNTIF(Daily_Tracker!B3:B32,"Yes")/30*100,0) -> 86.666667
B21: 💪 Workout % | D21: =IFERROR(COUNTIF(Daily_Tracker!C3:C32,"Yes")/30*100,0) -> 83.333333
B22: 📚 Study % | D22: =IFERROR(COUNTIF(Daily_Tracker!D3:D32,"Yes")/30*100,0) -> 96.666667
B23: 🥗 Diet % | D23: =IFERROR(COUNTIF(Daily_Tracker!E3:E32,"Yes")/30*100,0) -> 100
B24: 💧 Water % | D24: =IFERROR(COUNTIF(Daily_Tracker!F3:F32,"Yes")/30*100,0) -> 90
B25: 🧘 Meditation % | D25: =IFERROR(COUNTIF(Daily_Tracker!G3:G32,"Yes")/30*100,0) -> 76.666667
